id,cliente_id,producto_id,fecha,cantidad,total
1,75,24,2022-09-02,2,142000.0
2,12,19,2022-08-24,3,660000.0
3,96,27,2022-09-05,2,160000.0
4,26,9,2024-02-13,5,1320000.0
5,47,34,2022-09-11,5,425000.0
6,35,11,2023-11-13,3,552000.0
7,62,19,2022-11-02,3,660000.0
8,15,30,2024-08-25,1,185000.0
9,19,49,2022-07-16,2,158000.0
10,87,47,2024-10-11,4,356000.0
11,72,24,2024-09-02,1,71000.0
12,51,1,2024-09-02,3,318000.0
13,69,8,2023-09-08,4,904000.0
14,48,44,2025-02-17,3,330000.0
15,75,25,2022-10-20,3,348000.0
16,14,44,2024-01-12,2,220000.0
17,61,2,2023-10-15,5,290000.0
18,72,21,2025-02-10,5,1340000.0
19,29,42,2024-01-31,1,80000.0
20,82,30,2022-07-02,3,555000.0
21,84,27,2023-07-04,1,80000.0
22,18,3,2024-11-01,1,229000.0
23,39,32,2023-08-12,1,167000.0
24,13,16,2023-10-12,5,700000.0
25,18,25,2022-09-21,4,464000.0
26,48,43,2024-09-27,5,1070000.0
27,54,38,2024-06-10,2,564000.0
28,54,42,2023-03-10,1,80000.0
29,63,40,2022-12-10,4,252000.0
30,36,3,2025-01-28,3,687000.0
31,28,29,2024-05-02,4,1060000.0
32,31,24,2023-03-28,1,71000.0
33,88,24,2022-09-29,5,355000.0
34,83,23,2023-10-09,1,55000.0
35,51,18,2024-08-25,2,290000.0
36,16,30,2023-11-05,1,185000.0
37,85,14,2022-10-09,5,745000.0
38,3,4,2023-06-20,3,756000.0
39,32,9,2024-09-21,5,1320000.0
40,27,5,2023-03-31,5,520000.0
41,27,38,2024-02-09,2,564000.0
42,30,22,2024-09-01,2,286000.0
43,77,1,2024-12-04,3,318000.0
44,19,9,2024-11-22,5,1320000.0
45,33,12,2025-02-25,1,221000.0
46,85,2,2025-01-06,2,116000.0
47,2,23,2024-08-25,2,110000.0
48,76,21,2022-05-24,1,268000.0
49,23,17,2024-11-15,1,88000.0
50,17,48,2025-01-29,4,868000.0
51,68,8,2025-03-26,1,226000.0
52,61,29,2023-06-03,3,795000.0
53,66,38,2022-05-28,1,282000.0
54,58,33,2023-01-19,2,302000.0
55,79,3,2023-06-12,5,1145000.0
56,39,30,2025-04-09,1,185000.0
57,8,31,2023-08-06,4,392000.0
58,55,44,2023-09-23,1,110000.0
59,63,46,2023-10-11,4,704000.0
60,10,6,2022-04-23,3,786000.0
61,78,10,2023-01-20,1,143000.0
62,17,18,2022-11-22,5,725000.0
63,82,38,2024-09-09,5,1410000.0
64,92,21,2025-01-29,4,1072000.0
65,77,34,2023-12-27,3,255000.0
66,59,33,2022-07-31,5,755000.0
67,56,7,2022-11-20,1,293000.0
68,84,42,2024-12-22,5,400000.0
69,93,14,2022-05-31,4,596000.0
70,58,15,2022-09-03,4,944000.0
71,44,30,2024-07-16,4,740000.0
72,54,47,2023-03-14,1,89000.0
73,41,28,2023-11-19,3,156000.0
74,86,17,2024-01-26,3,264000.0
75,20,44,2024-03-18,4,440000.0
76,9,6,2023-09-25,1,262000.0
77,12,28,2022-12-14,1,52000.0
78,96,48,2023-11-09,3,651000.0
79,17,36,2023-08-11,1,292000.0
80,76,36,2023-08-30,5,1460000.0
81,43,43,2024-09-11,1,214000.0
82,53,23,2024-10-26,4,220000.0
83,93,4,2022-08-23,3,756000.0
84,77,20,2022-07-04,3,477000.0
85,14,37,2022-12-11,5,1330000.0
86,28,10,2022-12-14,4,572000.0
87,29,7,2024-11-28,3,879000.0
88,72,24,2022-06-30,1,71000.0
89,98,18,2025-02-23,5,725000.0
90,29,28,2022-08-18,5,260000.0
91,99,40,2023-06-10,5,315000.0
92,87,42,2024-03-02,5,400000.0
93,4,39,2025-02-05,3,291000.0
94,4,12,2024-02-01,3,663000.0
95,90,49,2024-05-07,3,237000.0
96,44,23,2024-11-12,1,55000.0
97,24,10,2024-02-29,5,715000.0
98,85,26,2024-01-17,1,150000.0
99,19,48,2023-06-12,1,217000.0
100,12,48,2023-03-14,5,1085000.0
101,28,25,2024-06-17,4,464000.0
102,59,22,2022-10-07,2,286000.0
103,48,20,2023-10-02,3,477000.0
104,100,37,2024-02-10,5,1330000.0
105,11,4,2022-10-03,2,504000.0
106,21,49,2023-06-28,5,395000.0
107,7,44,2025-03-02,1,110000.0
108,35,29,2025-03-02,4,1060000.0
109,63,39,2024-10-21,4,388000.0
110,54,18,2024-05-08,2,290000.0
111,97,33,2024-07-10,1,151000.0
112,45,28,2025-02-13,1,52000.0
113,37,44,2023-08-06,5,550000.0
114,63,34,2022-06-23,3,255000.0
115,6,15,2023-03-22,4,944000.0
116,77,4,2023-12-19,1,252000.0
117,27,20,2024-10-31,2,318000.0
118,99,9,2022-07-08,3,792000.0
119,38,21,2022-04-25,1,268000.0
120,1,32,2023-02-25,4,668000.0
121,23,9,2023-07-26,4,1056000.0
122,69,46,2023-03-08,2,352000.0
123,65,36,2022-11-13,3,876000.0
124,10,26,2023-05-15,1,150000.0
125,56,2,2023-07-07,4,232000.0
126,10,21,2023-09-05,5,1340000.0
127,55,37,2022-10-17,4,1064000.0
128,91,41,2022-04-26,4,1052000.0
129,38,8,2024-05-25,4,904000.0
130,3,21,2024-02-11,2,536000.0
131,80,30,2023-01-11,3,555000.0
132,12,28,2022-10-31,1,52000.0
133,32,28,2023-11-25,5,260000.0
134,52,34,2024-07-19,1,85000.0
135,51,20,2025-04-11,3,477000.0
136,29,22,2023-04-06,2,286000.0
137,10,33,2024-05-30,1,151000.0
138,68,33,2024-08-28,2,302000.0
139,100,23,2025-02-14,3,165000.0
140,94,42,2023-10-16,2,160000.0
141,31,7,2022-08-03,2,586000.0
142,33,13,2023-12-21,2,234000.0
143,78,10,2022-06-18,1,143000.0
144,23,50,2024-02-20,4,804000.0
145,60,49,2022-05-13,5,395000.0
146,98,38,2024-03-28,4,1128000.0
147,88,37,2022-08-12,5,1330000.0
148,42,41,2023-08-13,3,789000.0
149,20,29,2024-09-24,1,265000.0
150,61,29,2024-02-09,3,795000.0
151,36,38,2024-09-20,1,282000.0
152,46,33,2024-01-02,1,151000.0
153,40,30,2025-01-02,4,740000.0
154,5,4,2024-01-22,3,756000.0
155,37,5,2023-07-07,1,104000.0
156,79,39,2022-10-09,5,485000.0
157,50,30,2024-01-03,5,925000.0
158,71,48,2022-05-16,1,217000.0
159,58,37,2023-08-31,2,532000.0
160,42,39,2023-01-05,4,388000.0
161,65,10,2024-11-29,1,143000.0
162,58,7,2024-03-28,3,879000.0
163,92,6,2025-03-20,5,1310000.0
164,83,12,2023-10-28,1,221000.0
165,32,46,2022-08-28,4,704000.0
166,57,34,2024-02-21,5,425000.0
167,79,11,2022-09-25,3,552000.0
168,48,19,2023-04-26,4,880000.0
169,53,50,2024-02-19,3,603000.0
170,87,39,2024-10-14,1,97000.0
171,81,42,2023-12-27,3,240000.0
172,9,22,2024-07-05,1,143000.0
173,72,44,2022-08-14,4,440000.0
174,37,17,2023-12-19,5,440000.0
175,20,22,2023-08-08,1,143000.0
176,75,43,2023-09-23,2,428000.0
177,45,20,2023-03-24,4,636000.0
178,17,39,2023-09-13,1,97000.0
179,40,36,2022-12-31,4,1168000.0
180,83,22,2022-08-10,2,286000.0
181,86,45,2024-06-15,5,260000.0
182,12,42,2024-12-22,4,320000.0
183,66,24,2022-10-08,1,71000.0
184,47,20,2024-07-16,2,318000.0
185,28,22,2024-06-14,4,572000.0
186,25,15,2023-02-09,2,472000.0
187,20,5,2023-10-08,3,312000.0
188,13,33,2023-10-11,5,755000.0
189,95,34,2025-01-10,1,85000.0
190,85,22,2022-11-29,5,715000.0
191,17,39,2023-04-16,4,388000.0
192,20,11,2022-09-20,2,368000.0
193,89,50,2022-11-27,5,1005000.0
194,22,47,2023-05-16,4,356000.0
195,6,27,2023-02-14,3,240000.0
196,87,47,2023-01-08,2,178000.0
197,57,40,2024-11-04,3,189000.0
198,97,48,2022-12-07,4,868000.0
199,30,35,2025-01-26,2,504000.0
200,40,31,2022-08-09,2,196000.0
201,48,44,2023-01-14,5,550000.0
202,57,30,2024-12-14,3,555000.0
203,100,25,2024-05-20,5,580000.0
204,68,27,2024-04-03,2,160000.0
205,26,39,2024-09-05,2,194000.0
206,33,4,2024-09-30,4,1008000.0
207,48,36,2024-03-11,1,292000.0
208,92,34,2025-03-07,1,85000.0
209,37,6,2024-09-06,2,524000.0
210,35,29,2025-01-06,5,1325000.0
211,19,28,2024-12-25,1,52000.0
212,29,29,2024-12-09,3,795000.0
213,4,27,2023-08-29,1,80000.0
214,51,33,2024-12-13,3,453000.0
215,31,25,2023-08-18,1,116000.0
216,48,15,2022-12-04,1,236000.0
217,41,7,2024-02-26,3,879000.0
218,19,9,2022-07-29,1,264000.0
219,37,31,2024-04-11,2,196000.0
220,98,46,2024-02-29,4,704000.0
221,58,40,2024-12-19,1,63000.0
222,11,2,2023-07-28,3,174000.0
223,28,10,2023-06-14,5,715000.0
224,94,39,2024-10-18,5,485000.0
225,55,8,2022-07-10,3,678000.0
226,31,20,2023-10-12,1,159000.0
227,7,16,2024-06-10,4,560000.0
228,82,40,2022-08-07,4,252000.0
229,9,8,2023-08-09,4,904000.0
230,77,35,2024-03-31,1,252000.0
231,81,33,2024-03-16,5,755000.0
232,31,46,2022-06-11,2,352000.0
233,38,28,2022-07-11,1,52000.0
234,79,23,2023-11-07,2,110000.0
235,74,27,2023-07-03,2,160000.0
236,86,43,2022-08-11,1,214000.0
237,68,24,2025-01-09,1,71000.0
238,68,35,2022-09-01,5,1260000.0
239,65,36,2024-11-24,1,292000.0
240,50,31,2024-10-22,1,98000.0
241,82,25,2024-06-09,3,348000.0
242,33,48,2023-12-02,1,217000.0
243,46,5,2024-04-01,3,312000.0
244,31,47,2024-10-01,1,89000.0
245,99,38,2024-08-22,3,846000.0
246,18,3,2022-06-16,3,687000.0
247,70,22,2024-03-12,2,286000.0
248,100,44,2024-09-18,4,440000.0
249,90,31,2025-01-20,2,196000.0
250,18,5,2023-01-31,4,416000.0
251,5,19,2023-08-26,2,440000.0
252,6,13,2024-11-08,1,117000.0
253,41,20,2024-04-21,5,795000.0
254,51,35,2024-05-31,4,1008000.0
255,33,3,2022-12-04,2,458000.0
256,37,23,2022-07-19,1,55000.0
257,84,22,2024-03-13,3,429000.0
258,16,24,2022-09-21,4,284000.0
259,52,48,2023-09-29,4,868000.0
260,50,22,2022-08-23,2,286000.0
261,64,45,2024-06-05,4,208000.0
262,48,34,2025-01-11,3,255000.0
263,11,47,2023-01-07,4,356000.0
264,11,28,2022-06-13,5,260000.0
265,24,35,2023-05-03,3,756000.0
266,42,7,2024-02-23,1,293000.0
267,42,43,2024-02-25,3,642000.0
268,40,29,2024-07-06,5,1325000.0
269,92,28,2024-07-04,2,104000.0
270,89,29,2024-11-16,3,795000.0
271,58,3,2022-12-16,3,687000.0
272,79,28,2023-10-31,3,156000.0
273,82,4,2023-11-14,1,252000.0
274,86,41,2023-06-27,4,1052000.0
275,47,33,2023-12-06,2,302000.0
276,4,10,2024-01-09,5,715000.0
277,87,29,2023-09-21,1,265000.0
278,17,5,2025-03-03,2,208000.0
279,100,42,2024-10-28,3,240000.0
280,47,25,2022-07-04,5,580000.0
281,5,39,2024-12-19,2,194000.0
282,87,29,2025-01-13,3,795000.0
283,48,29,2023-09-15,1,265000.0
284,74,9,2022-07-25,5,1320000.0
285,47,26,2023-09-08,3,450000.0
286,84,18,2022-09-07,2,290000.0
287,15,2,2024-08-27,2,116000.0
288,64,34,2025-03-02,4,340000.0
289,72,8,2023-12-05,3,678000.0
290,100,17,2023-06-29,4,352000.0
291,28,40,2023-05-10,3,189000.0
292,89,32,2025-01-27,2,334000.0
293,16,9,2024-11-05,1,264000.0
294,58,12,2022-12-03,4,884000.0
295,12,44,2023-09-13,3,330000.0
296,86,23,2022-08-18,1,55000.0
297,71,35,2024-10-05,3,756000.0
298,39,11,2025-02-07,2,368000.0
299,47,33,2022-11-19,2,302000.0
300,16,13,2023-10-09,2,234000.0
301,31,32,2023-08-08,1,167000.0
302,47,36,2025-01-27,5,1460000.0
303,48,30,2025-04-03,5,925000.0
304,17,40,2025-02-05,1,63000.0
305,9,20,2023-12-13,4,636000.0
306,92,47,2022-10-31,4,356000.0
307,68,27,2024-10-24,4,320000.0
308,74,5,2022-08-23,2,208000.0
309,41,42,2023-08-07,1,80000.0
310,58,30,2024-08-29,5,925000.0
311,45,9,2023-11-20,5,1320000.0
312,82,38,2025-01-07,2,564000.0
313,99,9,2023-09-06,4,1056000.0
314,65,4,2022-10-29,1,252000.0
315,67,10,2025-02-17,3,429000.0
316,22,11,2025-04-09,3,552000.0
317,91,15,2025-03-13,3,708000.0
318,67,19,2024-07-09,1,220000.0
319,33,13,2022-09-06,5,585000.0
320,36,9,2025-01-11,3,792000.0
321,79,35,2025-02-18,1,252000.0
322,65,42,2024-01-31,2,160000.0
323,76,38,2024-06-11,2,564000.0
324,22,43,2023-10-28,5,1070000.0
325,93,39,2022-05-12,3,291000.0
326,73,3,2023-10-29,1,229000.0
327,11,3,2023-08-06,5,1145000.0
328,34,42,2023-01-19,2,160000.0
329,99,37,2023-03-12,4,1064000.0
330,80,41,2023-09-26,1,263000.0
331,64,41,2024-05-08,5,1315000.0
332,38,42,2023-02-06,3,240000.0
333,62,16,2023-03-31,4,560000.0
334,39,30,2022-11-13,1,185000.0
335,89,4,2022-12-10,2,504000.0
336,57,27,2022-08-11,4,320000.0
337,60,14,2023-07-17,3,447000.0
338,78,10,2022-09-18,3,429000.0
339,92,21,2024-06-10,3,804000.0
340,52,9,2024-07-30,3,792000.0
341,66,36,2024-07-09,1,292000.0
342,41,16,2022-06-11,4,560000.0
343,16,18,2025-02-05,4,580000.0
344,32,10,2023-09-19,1,143000.0
345,7,19,2024-11-29,4,880000.0
346,79,27,2022-11-03,2,160000.0
347,21,21,2024-10-27,5,1340000.0
348,93,21,2023-11-20,2,536000.0
349,98,11,2022-12-09,4,736000.0
350,66,30,2022-12-22,4,740000.0
351,40,32,2023-01-19,1,167000.0
352,12,26,2025-03-25,5,750000.0
353,59,16,2024-12-09,2,280000.0
354,75,23,2022-12-27,1,55000.0
355,7,19,2024-02-22,4,880000.0
356,77,42,2022-06-20,4,320000.0
357,37,35,2024-01-12,1,252000.0
358,14,28,2023-10-31,2,104000.0
359,34,47,2025-02-27,3,267000.0
360,98,26,2023-04-17,3,450000.0
361,6,26,2024-03-04,1,150000.0
362,73,36,2024-11-17,2,584000.0
363,47,36,2023-06-30,3,876000.0
364,10,25,2024-03-11,5,580000.0
365,58,49,2023-04-12,5,395000.0
366,36,40,2024-07-21,5,315000.0
367,16,9,2023-04-20,1,264000.0
368,51,24,2023-08-07,3,213000.0
369,72,24,2024-04-11,2,142000.0
370,26,39,2023-02-09,5,485000.0
371,52,33,2023-11-06,1,151000.0
372,6,3,2025-03-02,2,458000.0
373,92,22,2024-09-16,4,572000.0
374,67,30,2024-02-27,2,370000.0
375,78,33,2024-03-31,2,302000.0
376,42,40,2023-06-25,3,189000.0
377,21,26,2023-11-28,5,750000.0
378,95,20,2024-06-03,5,795000.0
379,44,33,2024-07-11,5,755000.0
380,69,32,2024-01-24,5,835000.0
381,39,31,2022-12-21,1,98000.0
382,48,22,2023-02-18,1,143000.0
383,54,38,2024-11-08,3,846000.0
384,93,45,2022-11-14,1,52000.0
385,77,31,2023-05-07,3,294000.0
386,84,50,2022-07-04,5,1005000.0
387,74,15,2025-01-04,1,236000.0
388,75,31,2024-04-29,2,196000.0
389,68,41,2023-11-11,5,1315000.0
390,100,25,2024-08-22,2,232000.0
391,88,16,2022-09-20,1,140000.0
392,74,45,2024-06-23,1,52000.0
393,25,2,2022-10-24,4,232000.0
394,41,27,2023-06-30,2,160000.0
395,53,45,2022-08-22,2,104000.0
396,53,33,2022-12-19,5,755000.0
397,61,48,2023-06-11,1,217000.0
398,91,9,2024-03-11,5,1320000.0
399,27,36,2024-06-19,3,876000.0
400,85,31,2022-11-28,5,490000.0
401,49,21,2024-02-22,2,536000.0
402,59,35,2022-09-03,3,756000.0
403,70,23,2023-03-24,3,165000.0
404,79,31,2024-03-14,2,196000.0
405,32,18,2023-10-09,5,725000.0
406,39,15,2022-05-25,3,708000.0
407,99,19,2024-01-18,2,440000.0
408,89,46,2022-07-05,4,704000.0
409,41,31,2023-12-20,3,294000.0
410,72,47,2024-06-01,3,267000.0
411,37,8,2023-11-15,5,1130000.0
412,87,35,2023-04-15,4,1008000.0
413,51,23,2023-12-04,2,110000.0
414,38,3,2022-08-18,3,687000.0
415,92,6,2023-11-17,3,786000.0
416,57,42,2023-03-28,3,240000.0
417,96,31,2022-05-27,2,196000.0
418,26,35,2023-08-22,3,756000.0
419,72,45,2022-09-14,3,156000.0
420,18,7,2025-01-17,5,1465000.0
421,95,38,2023-09-16,2,564000.0
422,32,4,2022-11-26,5,1260000.0
423,29,41,2022-11-13,2,526000.0
424,7,7,2022-06-12,4,1172000.0
425,43,46,2023-07-03,4,704000.0
426,13,44,2024-04-16,2,220000.0
427,1,36,2025-03-30,2,584000.0
428,53,42,2022-11-15,4,320000.0
429,62,42,2024-04-11,2,160000.0
430,97,19,2024-03-10,3,660000.0
431,37,42,2024-11-24,1,80000.0
432,99,6,2022-04-22,5,1310000.0
433,30,35,2022-08-15,1,252000.0
434,23,27,2022-05-13,2,160000.0
435,5,26,2023-05-16,4,600000.0
436,24,48,2023-03-15,3,651000.0
437,5,1,2022-12-02,3,318000.0
438,73,39,2024-08-13,1,97000.0
439,43,19,2024-11-14,4,880000.0
440,83,35,2024-07-11,5,1260000.0
441,64,9,2024-01-31,5,1320000.0
442,60,18,2022-10-03,2,290000.0
443,15,22,2023-07-05,2,286000.0
444,94,30,2023-04-18,3,555000.0
445,92,12,2023-07-25,1,221000.0
446,95,22,2022-10-20,3,429000.0
447,73,44,2022-06-27,2,220000.0
448,23,40,2023-04-19,4,252000.0
449,55,33,2024-01-26,3,453000.0
450,12,26,2024-12-31,1,150000.0
451,24,9,2024-12-06,4,1056000.0
452,42,16,2024-03-24,1,140000.0
453,34,25,2022-07-20,2,232000.0
454,58,49,2022-10-03,3,237000.0
455,43,20,2024-05-29,5,795000.0
456,93,37,2024-10-27,1,266000.0
457,34,42,2024-07-24,3,240000.0
458,89,16,2022-05-09,1,140000.0
459,86,8,2024-12-20,4,904000.0
460,40,11,2024-06-22,4,736000.0
461,88,33,2024-09-23,3,453000.0
462,89,8,2023-04-24,3,678000.0
463,48,40,2022-11-23,2,126000.0
464,29,9,2023-07-10,4,1056000.0
465,20,30,2024-02-09,5,925000.0
466,48,27,2022-04-16,5,400000.0
467,61,49,2024-11-24,5,395000.0
468,86,14,2023-10-14,2,298000.0
469,88,49,2023-04-22,5,395000.0
470,11,34,2024-09-16,4,340000.0
471,68,46,2024-01-21,3,528000.0
472,10,37,2023-01-29,1,266000.0
473,8,36,2025-02-09,5,1460000.0
474,26,37,2025-02-15,5,1330000.0
475,20,11,2022-08-24,3,552000.0
476,67,29,2024-07-05,1,265000.0
477,88,14,2023-10-26,5,745000.0
478,63,6,2022-07-28,5,1310000.0
479,58,4,2024-07-09,4,1008000.0
480,17,33,2024-08-06,4,604000.0
481,59,37,2024-06-10,1,266000.0
482,72,30,2024-06-10,3,555000.0
483,93,2,2024-08-21,4,232000.0
484,33,1,2022-05-15,2,212000.0
485,75,5,2023-12-11,1,104000.0
486,55,23,2024-04-13,1,55000.0
487,70,4,2022-06-20,1,252000.0
488,61,3,2024-12-26,3,687000.0
489,53,12,2023-12-05,2,442000.0
490,99,42,2023-11-14,4,320000.0
491,48,25,2023-05-13,4,464000.0
492,49,25,2022-05-09,1,116000.0
493,88,43,2023-10-20,5,1070000.0
494,18,42,2022-07-27,3,240000.0
495,16,12,2023-10-01,5,1105000.0
496,51,34,2023-04-23,2,170000.0
497,94,15,2025-01-28,1,236000.0
498,97,2,2024-12-14,3,174000.0
499,60,44,2022-09-22,5,550000.0
500,55,35,2024-10-03,4,1008000.0
501,30,16,2023-09-12,4,560000.0
502,45,10,2022-11-07,3,429000.0
503,25,47,2022-06-21,1,89000.0
504,5,43,2023-10-13,4,856000.0
505,79,50,2024-08-09,1,201000.0
506,31,14,2023-09-21,1,149000.0
507,13,39,2025-01-06,1,97000.0
508,58,39,2023-01-10,1,97000.0
509,32,48,2025-03-12,1,217000.0
510,52,29,2024-04-04,2,530000.0
511,70,14,2025-03-29,1,149000.0
512,18,33,2024-04-26,3,453000.0
513,30,47,2024-12-20,5,445000.0
514,41,37,2023-01-22,5,1330000.0
515,99,44,2022-11-09,3,330000.0
516,31,20,2022-07-21,2,318000.0
517,85,34,2024-03-24,2,170000.0
518,53,20,2022-06-10,3,477000.0
519,8,36,2023-07-13,5,1460000.0
520,95,12,2023-02-21,4,884000.0
521,72,32,2022-06-21,1,167000.0
522,45,42,2023-02-17,4,320000.0
523,68,21,2022-06-18,4,1072000.0
524,53,10,2023-08-17,3,429000.0
525,49,12,2023-08-08,5,1105000.0
526,61,16,2024-06-22,2,280000.0
527,39,46,2023-12-23,2,352000.0
528,60,4,2024-08-04,5,1260000.0
529,53,27,2024-04-18,5,400000.0
530,68,9,2023-05-12,4,1056000.0
531,32,17,2022-06-09,2,176000.0
532,43,42,2025-01-12,1,80000.0
533,58,24,2023-02-04,1,71000.0
534,69,47,2023-07-02,2,178000.0
535,7,18,2023-10-20,4,580000.0
536,87,39,2022-06-27,5,485000.0
537,6,5,2025-01-26,2,208000.0
538,98,38,2023-09-11,5,1410000.0
539,28,31,2023-06-12,2,196000.0
540,43,20,2022-10-24,1,159000.0
541,28,13,2023-11-06,1,117000.0
542,96,49,2024-02-21,4,316000.0
543,32,45,2023-12-26,5,260000.0
544,91,14,2024-02-26,4,596000.0
545,31,36,2023-12-05,3,876000.0
546,100,19,2023-09-22,4,880000.0
547,60,35,2023-01-29,3,756000.0
548,40,17,2024-05-23,3,264000.0
549,66,32,2025-03-24,4,668000.0
550,13,47,2024-05-25,4,356000.0
551,98,21,2023-11-05,2,536000.0
552,48,21,2024-06-28,4,1072000.0
553,6,37,2023-06-02,2,532000.0
554,95,10,2022-08-20,1,143000.0
555,34,36,2024-02-02,5,1460000.0
556,75,47,2022-08-14,4,356000.0
557,38,10,2024-02-11,2,286000.0
558,43,15,2024-11-04,4,944000.0
559,73,16,2023-01-19,4,560000.0
560,71,42,2024-08-08,3,240000.0
561,33,49,2023-07-14,4,316000.0
562,93,42,2023-08-25,4,320000.0
563,59,11,2022-09-20,3,552000.0
564,22,9,2022-08-16,5,1320000.0
565,63,12,2023-09-05,5,1105000.0
566,83,4,2025-02-03,5,1260000.0
567,5,5,2023-07-17,1,104000.0
568,98,1,2023-08-03,4,424000.0
569,18,41,2024-03-06,2,526000.0
570,9,46,2024-11-05,2,352000.0
571,2,14,2024-02-04,5,745000.0
572,59,24,2022-12-28,1,71000.0
573,80,41,2025-03-20,5,1315000.0
574,62,43,2024-03-03,4,856000.0
575,3,1,2023-10-12,5,530000.0
576,71,27,2024-03-08,1,80000.0
577,3,34,2022-06-18,3,255000.0
578,69,19,2023-10-13,1,220000.0
579,65,45,2024-11-24,4,208000.0
580,23,7,2024-02-18,1,293000.0
581,68,10,2023-06-14,2,286000.0
582,25,40,2025-01-01,5,315000.0
583,33,23,2022-07-12,3,165000.0
584,51,6,2022-08-08,3,786000.0
585,52,30,2025-02-19,5,925000.0
586,32,45,2024-12-29,2,104000.0
587,39,44,2024-01-05,1,110000.0
588,84,42,2023-10-30,1,80000.0
589,12,26,2024-06-19,4,600000.0
590,49,36,2025-03-04,4,1168000.0
591,8,41,2022-12-18,1,263000.0
592,90,11,2022-06-01,1,184000.0
593,64,28,2022-11-21,3,156000.0
594,73,7,2024-11-12,5,1465000.0
595,6,15,2025-03-02,2,472000.0
596,89,37,2024-02-23,4,1064000.0
597,35,3,2022-06-07,1,229000.0
598,88,18,2022-10-27,5,725000.0
599,73,43,2022-07-27,1,214000.0
600,23,21,2023-04-15,1,268000.0
601,27,38,2025-01-10,2,564000.0
602,97,46,2023-11-04,4,704000.0
603,10,20,2023-10-28,2,318000.0
604,73,16,2023-11-29,5,700000.0
605,50,44,2024-09-11,5,550000.0
606,43,25,2022-06-03,2,232000.0
607,89,47,2024-11-08,1,89000.0
608,65,48,2022-12-08,3,651000.0
609,7,7,2025-03-03,4,1172000.0
610,30,5,2024-03-12,3,312000.0
611,78,50,2023-11-11,5,1005000.0
612,77,26,2023-11-12,3,450000.0
613,4,41,2024-03-03,3,789000.0
614,58,32,2022-08-11,2,334000.0
615,46,36,2024-09-21,4,1168000.0
616,56,12,2022-11-13,5,1105000.0
617,85,25,2024-07-14,1,116000.0
618,99,40,2023-11-05,3,189000.0
619,32,46,2023-12-23,1,176000.0
620,11,18,2023-08-15,2,290000.0
621,49,46,2025-01-17,2,352000.0
622,95,25,2023-06-20,3,348000.0
623,47,7,2023-05-06,1,293000.0
624,1,20,2022-10-07,4,636000.0
625,47,49,2022-05-24,3,237000.0
626,14,9,2023-01-28,1,264000.0
627,24,28,2024-05-28,4,208000.0
628,72,36,2024-06-26,5,1460000.0
629,53,7,2023-12-06,1,293000.0
630,12,23,2024-09-02,5,275000.0
631,12,39,2022-10-13,5,485000.0
632,42,25,2023-05-25,1,116000.0
633,38,27,2023-05-23,4,320000.0
634,100,6,2025-04-11,5,1310000.0
635,32,37,2024-03-07,5,1330000.0
636,22,44,2023-03-13,4,440000.0
637,22,9,2024-11-19,3,792000.0
638,39,18,2023-07-01,4,580000.0
639,19,5,2025-03-27,2,208000.0
640,56,18,2024-05-16,4,580000.0
641,39,31,2023-02-18,1,98000.0
642,47,17,2022-10-21,2,176000.0
643,93,41,2022-11-10,4,1052000.0
644,77,40,2022-08-07,2,126000.0
645,59,7,2024-03-16,2,586000.0
646,39,1,2023-01-07,4,424000.0
647,43,40,2024-03-05,4,252000.0
648,43,29,2022-08-28,3,795000.0
649,56,42,2025-03-08,5,400000.0
650,18,20,2023-08-23,3,477000.0
651,78,45,2025-02-14,2,104000.0
652,62,21,2023-10-05,2,536000.0
653,51,21,2022-07-23,3,804000.0
654,95,45,2024-08-15,4,208000.0
655,74,16,2024-08-03,3,420000.0
656,49,18,2023-07-09,4,580000.0
657,47,8,2023-07-23,5,1130000.0
658,26,38,2022-12-14,5,1410000.0
659,24,44,2025-04-05,5,550000.0
660,4,47,2024-12-29,4,356000.0
661,91,14,2023-01-09,4,596000.0
662,38,45,2023-10-27,1,52000.0
663,53,44,2024-06-12,4,440000.0
664,18,41,2023-03-28,3,789000.0
665,31,17,2022-10-19,2,176000.0
666,92,28,2023-02-20,4,208000.0
667,10,29,2022-11-15,5,1325000.0
668,62,38,2023-04-16,4,1128000.0
669,69,33,2024-05-20,4,604000.0
670,70,3,2022-05-24,3,687000.0
671,90,35,2023-10-26,5,1260000.0
672,82,6,2024-08-21,1,262000.0
673,99,16,2024-09-19,3,420000.0
674,22,42,2023-11-08,5,400000.0
675,6,37,2024-04-09,4,1064000.0
676,97,22,2024-08-17,4,572000.0
677,14,1,2022-11-01,1,106000.0
678,34,15,2024-11-19,5,1180000.0
679,96,34,2022-08-25,5,425000.0
680,75,45,2022-07-25,5,260000.0
681,29,29,2023-08-07,3,795000.0
682,51,30,2023-12-23,5,925000.0
683,89,33,2024-04-26,2,302000.0
684,45,2,2024-07-08,4,232000.0
685,14,19,2024-01-12,4,880000.0
686,11,8,2024-01-10,2,452000.0
687,45,20,2024-09-23,3,477000.0
688,59,14,2022-08-06,5,745000.0
689,62,23,2022-10-25,4,220000.0
690,13,29,2023-08-19,4,1060000.0
691,41,5,2025-01-05,3,312000.0
692,6,46,2022-08-07,1,176000.0
693,3,22,2024-03-13,1,143000.0
694,87,11,2024-04-06,2,368000.0
695,67,12,2025-03-05,5,1105000.0
696,21,22,2024-06-25,5,715000.0
697,55,30,2023-10-01,2,370000.0
698,52,41,2022-10-30,2,526000.0
699,24,41,2024-08-17,4,1052000.0
700,51,2,2025-01-01,5,290000.0
701,26,29,2024-10-13,5,1325000.0
702,55,25,2023-01-21,1,116000.0
703,91,14,2022-10-31,2,298000.0
704,36,49,2024-02-15,1,79000.0
705,74,7,2024-06-03,5,1465000.0
706,24,24,2022-07-09,3,213000.0
707,26,30,2022-10-23,1,185000.0
708,34,43,2024-06-26,4,856000.0
709,68,41,2022-12-07,3,789000.0
710,77,25,2023-07-30,5,580000.0
711,51,38,2022-12-25,1,282000.0
712,45,23,2022-12-21,4,220000.0
713,80,12,2023-08-28,3,663000.0
714,79,38,2023-03-30,1,282000.0
715,87,9,2023-10-03,3,792000.0
716,16,16,2024-06-28,3,420000.0
717,15,12,2023-06-29,3,663000.0
718,89,10,2022-08-14,5,715000.0
719,50,27,2023-05-08,5,400000.0
720,18,37,2023-02-12,4,1064000.0
721,55,12,2024-12-25,4,884000.0
722,82,35,2024-08-16,2,504000.0
723,72,11,2023-06-14,4,736000.0
724,37,9,2022-10-25,2,528000.0
725,41,29,2024-12-09,5,1325000.0
726,7,23,2023-07-28,1,55000.0
727,63,9,2024-11-23,2,528000.0
728,50,36,2024-07-20,5,1460000.0
729,84,32,2022-09-06,4,668000.0
730,88,32,2024-06-02,4,668000.0
731,91,29,2025-01-03,4,1060000.0
732,22,6,2022-12-31,5,1310000.0
733,4,49,2024-10-19,2,158000.0
734,38,3,2024-10-02,3,687000.0
735,29,35,2022-12-09,3,756000.0
736,22,50,2023-01-04,4,804000.0
737,73,48,2025-01-31,4,868000.0
738,71,33,2024-12-09,1,151000.0
739,74,8,2024-11-09,3,678000.0
740,100,35,2023-09-20,3,756000.0
741,70,49,2024-09-05,1,79000.0
742,98,47,2022-06-16,4,356000.0
743,70,14,2022-05-28,4,596000.0
744,14,48,2022-08-18,2,434000.0
745,39,3,2022-06-23,4,916000.0
746,34,23,2025-01-04,1,55000.0
747,57,8,2024-09-25,2,452000.0
748,27,48,2023-05-30,5,1085000.0
749,89,23,2025-01-19,5,275000.0
750,81,28,2023-03-07,2,104000.0
751,79,9,2024-09-18,2,528000.0
752,27,4,2024-01-21,5,1260000.0
753,45,35,2024-11-29,3,756000.0
754,77,35,2024-12-31,2,504000.0
755,42,46,2022-05-31,3,528000.0
756,38,37,2024-05-26,3,798000.0
757,66,44,2024-12-13,1,110000.0
758,18,49,2024-08-08,4,316000.0
759,8,18,2023-07-07,2,290000.0
760,90,9,2025-01-05,2,528000.0
761,19,46,2023-07-27,3,528000.0
762,32,49,2024-05-03,4,316000.0
763,63,10,2023-04-29,5,715000.0
764,81,18,2025-03-13,4,580000.0
765,49,29,2024-01-04,1,265000.0
766,82,50,2023-07-20,1,201000.0
767,52,33,2024-03-18,3,453000.0
768,89,24,2022-08-05,4,284000.0
769,63,21,2025-03-18,5,1340000.0
770,1,50,2022-07-16,1,201000.0
771,94,30,2022-12-15,3,555000.0
772,9,35,2024-02-25,4,1008000.0
773,28,28,2024-01-19,2,104000.0
774,64,18,2024-05-05,3,435000.0
775,37,22,2024-04-04,5,715000.0
776,74,9,2023-02-24,5,1320000.0
777,63,22,2023-09-24,1,143000.0
778,6,7,2024-11-11,4,1172000.0
779,3,8,2022-11-23,2,452000.0
780,57,30,2023-08-12,1,185000.0
781,55,13,2023-08-23,2,234000.0
782,84,20,2023-10-02,2,318000.0
783,36,6,2023-12-24,3,786000.0
784,33,6,2022-11-03,3,786000.0
785,86,42,2023-11-10,2,160000.0
786,7,26,2024-06-21,3,450000.0
787,93,45,2024-09-02,2,104000.0
788,55,42,2022-09-25,1,80000.0
789,91,7,2023-08-22,1,293000.0
790,28,31,2023-04-24,1,98000.0
791,17,38,2024-04-07,2,564000.0
792,67,44,2022-10-21,4,440000.0
793,2,1,2023-06-03,3,318000.0
794,16,28,2024-03-12,2,104000.0
795,62,5,2023-05-04,2,208000.0
796,50,6,2022-11-18,1,262000.0
797,14,21,2022-09-11,3,804000.0
798,39,9,2022-07-01,4,1056000.0
799,100,49,2023-07-08,2,158000.0
800,83,44,2023-12-01,2,220000.0
801,9,34,2024-11-24,5,425000.0
802,2,40,2024-01-23,2,126000.0
803,57,23,2023-05-04,2,110000.0
804,81,48,2022-12-18,2,434000.0
805,53,40,2023-09-04,4,252000.0
806,28,6,2024-09-27,1,262000.0
807,18,49,2023-08-12,1,79000.0
808,76,47,2023-02-02,4,356000.0
809,45,28,2022-12-17,3,156000.0
810,18,16,2024-05-27,3,420000.0
811,83,6,2024-06-21,2,524000.0
812,71,39,2024-04-08,5,485000.0
813,93,39,2024-05-27,3,291000.0
814,100,45,2023-08-06,1,52000.0
815,85,20,2024-05-25,2,318000.0
816,67,39,2022-05-20,5,485000.0
817,25,48,2022-08-31,4,868000.0
818,38,42,2023-12-15,1,80000.0
819,31,32,2024-06-07,4,668000.0
820,15,16,2024-03-24,4,560000.0
821,82,39,2023-04-22,1,97000.0
822,68,1,2023-03-14,3,318000.0
823,41,9,2024-10-06,4,1056000.0
824,73,27,2023-10-14,3,240000.0
825,70,44,2022-06-28,2,220000.0
826,98,31,2022-07-01,1,98000.0
827,3,38,2023-06-25,1,282000.0
828,2,17,2024-05-21,2,176000.0
829,6,4,2024-10-28,4,1008000.0
830,65,19,2025-01-24,5,1100000.0
831,99,27,2025-02-21,4,320000.0
832,90,26,2024-04-14,1,150000.0
833,82,35,2023-07-01,5,1260000.0
834,79,10,2024-07-25,3,429000.0
835,11,20,2022-04-26,1,159000.0
836,66,14,2022-09-27,2,298000.0
837,69,21,2024-02-12,4,1072000.0
838,76,41,2022-11-08,1,263000.0
839,40,45,2023-05-29,4,208000.0
840,94,16,2023-11-03,1,140000.0
841,32,6,2023-12-31,4,1048000.0
842,15,30,2023-11-03,5,925000.0
843,78,4,2022-06-23,3,756000.0
844,86,48,2023-12-27,2,434000.0
845,16,1,2022-07-02,2,212000.0
846,90,1,2024-09-15,2,212000.0
847,64,23,2024-09-02,5,275000.0
848,67,47,2023-02-10,3,267000.0
849,22,24,2023-10-29,2,142000.0
850,96,50,2024-08-20,3,603000.0
851,94,8,2023-07-06,1,226000.0
852,43,28,2022-08-06,3,156000.0
853,68,5,2023-12-05,3,312000.0
854,92,37,2024-06-05,1,266000.0
855,64,30,2024-03-13,5,925000.0
856,47,4,2024-08-15,4,1008000.0
857,73,11,2023-06-22,3,552000.0
858,21,17,2024-12-07,1,88000.0
859,74,44,2025-03-05,1,110000.0
860,30,48,2024-11-18,5,1085000.0
861,1,3,2022-10-15,1,229000.0
862,32,3,2022-10-30,4,916000.0
863,47,25,2022-09-11,2,232000.0
864,23,3,2023-12-16,5,1145000.0
865,92,48,2023-11-14,4,868000.0
866,29,21,2023-09-22,2,536000.0
867,54,47,2024-08-27,3,267000.0
868,35,5,2023-11-02,5,520000.0
869,48,8,2022-11-24,5,1130000.0
870,87,4,2023-02-17,2,504000.0
871,29,34,2024-11-04,1,85000.0
872,52,5,2024-06-12,4,416000.0
873,37,50,2023-12-28,3,603000.0
874,42,6,2024-05-29,5,1310000.0
875,59,1,2022-06-15,3,318000.0
876,26,19,2022-06-23,5,1100000.0
877,39,48,2022-06-13,5,1085000.0
878,32,30,2022-11-12,3,555000.0
879,76,32,2023-09-13,2,334000.0
880,94,35,2024-04-18,2,504000.0
881,20,1,2024-06-28,4,424000.0
882,4,15,2024-03-23,5,1180000.0
883,45,41,2022-12-01,1,263000.0
884,43,1,2024-11-10,4,424000.0
885,95,47,2024-06-22,3,267000.0
886,14,14,2022-11-17,5,745000.0
887,31,27,2023-09-05,4,320000.0
888,8,10,2024-11-21,3,429000.0
889,12,3,2023-08-21,2,458000.0
890,67,27,2022-12-22,3,240000.0
891,59,48,2023-12-15,1,217000.0
892,75,7,2024-11-26,5,1465000.0
893,18,41,2023-07-22,4,1052000.0
894,10,38,2024-10-22,5,1410000.0
895,8,28,2023-09-18,2,104000.0
896,31,19,2024-06-10,3,660000.0
897,41,26,2024-06-13,3,450000.0
898,41,29,2024-07-18,3,795000.0
899,30,5,2024-05-13,2,208000.0
900,18,50,2024-09-04,5,1005000.0
901,14,10,2023-07-23,1,143000.0
902,22,29,2024-04-20,4,1060000.0
903,41,27,2022-05-09,1,80000.0
904,69,23,2023-11-07,2,110000.0
905,58,20,2023-09-10,4,636000.0
906,34,8,2025-02-23,1,226000.0
907,21,44,2022-10-01,3,330000.0
908,91,45,2024-01-21,5,260000.0
909,6,14,2024-10-06,3,447000.0
910,19,6,2023-08-04,2,524000.0
911,46,26,2025-03-17,5,750000.0
912,7,44,2024-12-16,3,330000.0
913,34,12,2022-05-25,1,221000.0
914,52,29,2024-10-27,5,1325000.0
915,96,36,2024-04-20,2,584000.0
916,13,30,2023-05-31,1,185000.0
917,18,8,2025-01-26,1,226000.0
918,8,50,2024-09-28,2,402000.0
919,17,13,2024-09-27,4,468000.0
920,48,44,2023-04-02,1,110000.0
921,75,38,2022-07-02,3,846000.0
922,10,2,2024-10-06,1,58000.0
923,26,42,2024-04-29,4,320000.0
924,17,6,2023-01-03,3,786000.0
925,16,3,2024-07-06,4,916000.0
926,7,11,2024-12-16,5,920000.0
927,56,47,2024-12-01,4,356000.0
928,64,2,2023-11-25,4,232000.0
929,88,28,2022-11-29,2,104000.0
930,46,14,2025-03-06,2,298000.0
931,36,18,2023-04-25,4,580000.0
932,20,3,2022-06-02,5,1145000.0
933,80,40,2024-09-19,2,126000.0
934,83,19,2025-04-06,4,880000.0
935,53,36,2022-10-01,4,1168000.0
936,8,6,2023-02-04,3,786000.0
937,50,9,2022-05-13,4,1056000.0
938,26,42,2024-02-28,5,400000.0
939,32,41,2023-08-14,5,1315000.0
940,3,25,2024-01-24,3,348000.0
941,62,35,2022-12-05,4,1008000.0
942,45,37,2024-01-15,5,1330000.0
943,42,25,2025-03-21,3,348000.0
944,24,2,2023-02-24,3,174000.0
945,77,15,2024-01-11,1,236000.0
946,100,18,2024-06-01,1,145000.0
947,61,34,2024-11-18,3,255000.0
948,99,38,2024-04-15,2,564000.0
949,21,7,2022-07-19,2,586000.0
950,85,16,2022-11-14,3,420000.0
951,69,48,2024-06-27,1,217000.0
952,98,15,2023-03-02,5,1180000.0
953,50,23,2024-09-01,2,110000.0
954,23,16,2023-08-31,5,700000.0
955,41,48,2025-02-05,3,651000.0
956,76,2,2024-04-26,3,174000.0
957,73,37,2024-07-08,2,532000.0
958,73,13,2023-11-20,4,468000.0
959,70,20,2023-08-14,2,318000.0
960,63,3,2023-01-08,1,229000.0
961,8,15,2024-03-28,5,1180000.0
962,29,2,2024-07-20,5,290000.0
963,62,1,2023-09-27,3,318000.0
964,79,13,2024-08-09,2,234000.0
965,44,46,2023-10-16,2,352000.0
966,42,4,2025-02-26,1,252000.0
967,19,38,2025-03-06,2,564000.0
968,100,8,2025-01-07,5,1130000.0
969,47,5,2025-03-26,3,312000.0
970,91,43,2023-05-29,4,856000.0
971,76,7,2024-11-16,3,879000.0
972,39,21,2024-05-05,2,536000.0
973,21,47,2023-02-06,4,356000.0
974,82,32,2023-05-01,3,501000.0
975,23,46,2023-06-21,5,880000.0
976,89,40,2024-08-27,3,189000.0
977,29,43,2023-07-21,5,1070000.0
978,23,25,2023-03-29,3,348000.0
979,94,45,2023-07-20,3,156000.0
980,17,12,2023-07-06,1,221000.0
981,90,37,2025-04-13,4,1064000.0
982,99,37,2023-03-01,1,266000.0
983,24,39,2025-03-21,3,291000.0
984,79,15,2025-04-13,5,1180000.0
985,14,32,2024-05-12,2,334000.0
986,43,48,2023-08-19,1,217000.0
987,31,23,2024-04-28,3,165000.0
988,22,41,2023-10-07,1,263000.0
989,91,43,2024-08-31,3,642000.0
990,58,1,2023-06-12,3,318000.0
991,27,16,2023-07-05,1,140000.0
992,45,17,2022-10-20,1,88000.0
993,93,1,2024-09-20,1,106000.0
994,50,29,2025-02-28,4,1060000.0
995,22,27,2024-08-04,4,320000.0
996,49,23,2023-11-24,5,275000.0
997,49,7,2023-12-17,4,1172000.0
998,74,42,2023-10-02,2,160000.0
999,21,29,2022-11-27,1,265000.0
1000,5,19,2023-07-09,1,220000.0
1001,41,17,2022-06-18,1,88000.0
1002,10,22,2023-07-04,2,286000.0
1003,49,11,2022-08-14,1,184000.0
1004,71,6,2023-10-04,3,786000.0
1005,77,40,2024-03-01,4,252000.0
1006,91,2,2025-01-27,4,232000.0
1007,84,11,2023-05-17,5,920000.0
1008,56,11,2024-04-27,1,184000.0
1009,13,22,2023-03-12,2,286000.0
1010,25,27,2023-02-21,5,400000.0
1011,93,47,2024-07-28,5,445000.0
1012,34,43,2023-06-09,3,642000.0
1013,39,16,2024-09-03,1,140000.0
1014,7,26,2025-03-30,5,750000.0
1015,71,32,2023-06-09,2,334000.0
1016,7,24,2022-11-13,1,71000.0
1017,55,6,2022-09-30,3,786000.0
1018,85,41,2024-11-25,5,1315000.0
1019,62,13,2024-10-11,1,117000.0
1020,4,14,2023-04-20,2,298000.0
1021,82,19,2023-04-25,1,220000.0
1022,61,8,2022-07-01,3,678000.0
1023,51,31,2025-02-17,4,392000.0
1024,85,17,2024-07-16,1,88000.0
1025,83,35,2023-03-30,4,1008000.0
1026,24,24,2024-12-30,4,284000.0
1027,48,12,2023-04-10,4,884000.0
1028,6,17,2022-07-04,4,352000.0
1029,60,17,2022-09-16,2,176000.0
1030,35,37,2024-01-16,1,266000.0
1031,20,49,2023-09-09,1,79000.0
1032,11,43,2024-04-16,3,642000.0
1033,70,27,2022-09-17,5,400000.0
1034,30,36,2025-03-07,1,292000.0
1035,50,34,2022-11-13,4,340000.0
1036,69,44,2022-04-22,4,440000.0
1037,74,16,2024-08-15,4,560000.0
1038,39,6,2022-12-15,4,1048000.0
1039,92,3,2024-01-06,5,1145000.0
1040,74,34,2025-01-22,5,425000.0
1041,87,40,2024-04-21,2,126000.0
1042,16,49,2024-04-24,4,316000.0
1043,23,11,2025-01-18,2,368000.0
1044,25,9,2023-02-17,1,264000.0
1045,55,6,2023-07-04,4,1048000.0
1046,26,41,2023-08-25,2,526000.0
1047,77,17,2023-07-01,3,264000.0
1048,94,5,2025-01-11,1,104000.0
1049,50,36,2022-07-14,4,1168000.0
1050,71,21,2022-08-30,3,804000.0
1051,67,30,2025-01-21,1,185000.0
1052,90,40,2024-09-21,5,315000.0
1053,67,27,2023-04-09,1,80000.0
1054,54,10,2024-07-23,2,286000.0
1055,73,38,2022-06-10,5,1410000.0
1056,98,7,2023-01-10,1,293000.0
1057,73,50,2024-01-23,1,201000.0
1058,37,35,2023-01-12,3,756000.0
1059,53,17,2022-06-09,4,352000.0
1060,84,32,2023-12-21,5,835000.0
1061,78,31,2024-05-22,1,98000.0
1062,23,18,2023-01-28,4,580000.0
1063,19,40,2023-07-07,5,315000.0
1064,88,45,2022-06-11,4,208000.0
1065,5,26,2022-04-28,3,450000.0
1066,89,16,2023-07-21,1,140000.0
1067,96,31,2024-09-12,3,294000.0
1068,48,2,2024-11-05,3,174000.0
1069,39,20,2022-09-27,3,477000.0
1070,63,45,2023-09-16,1,52000.0
1071,30,9,2023-06-30,3,792000.0
1072,96,29,2024-03-19,3,795000.0
1073,35,47,2025-01-04,4,356000.0
1074,78,42,2024-08-04,1,80000.0
1075,25,29,2024-07-06,2,530000.0
1076,53,48,2024-05-20,4,868000.0
1077,98,34,2022-11-08,3,255000.0
1078,8,33,2024-06-05,2,302000.0
1079,9,20,2024-04-10,5,795000.0
1080,52,9,2023-06-11,5,1320000.0
1081,73,2,2023-02-07,2,116000.0
1082,25,13,2022-10-05,1,117000.0
1083,32,3,2023-09-09,4,916000.0
1084,7,24,2022-12-22,2,142000.0
1085,36,24,2024-03-26,4,284000.0
1086,65,26,2025-01-15,1,150000.0
1087,88,2,2023-05-18,2,116000.0
1088,48,32,2023-01-28,5,835000.0
1089,58,12,2022-05-05,4,884000.0
1090,76,36,2023-09-19,3,876000.0
1091,45,11,2023-07-16,3,552000.0
1092,96,45,2024-09-12,1,52000.0
1093,37,2,2025-02-24,4,232000.0
1094,7,11,2023-02-08,5,920000.0
1095,100,14,2023-01-11,2,298000.0
1096,83,15,2024-11-18,2,472000.0
1097,35,42,2024-12-31,4,320000.0
1098,66,2,2024-01-03,1,58000.0
1099,61,9,2024-02-07,2,528000.0
1100,77,1,2024-06-22,2,212000.0
1101,33,39,2023-09-05,3,291000.0
1102,92,46,2022-08-26,3,528000.0
1103,55,25,2023-12-27,3,348000.0
1104,59,17,2025-02-16,2,176000.0
1105,60,20,2022-09-09,5,795000.0
1106,80,26,2023-01-26,5,750000.0
1107,14,1,2022-11-18,5,530000.0
1108,85,24,2024-04-24,5,355000.0
1109,83,39,2023-08-29,5,485000.0
1110,37,20,2023-05-04,1,159000.0
1111,62,5,2022-04-24,3,312000.0
1112,36,41,2023-05-24,3,789000.0
1113,36,17,2023-11-30,3,264000.0
1114,25,10,2023-04-14,5,715000.0
1115,98,16,2024-03-07,1,140000.0
1116,77,26,2023-06-02,3,450000.0
1117,88,9,2023-09-08,1,264000.0
1118,84,32,2023-07-27,3,501000.0
1119,34,27,2024-10-04,4,320000.0
1120,50,48,2024-09-19,1,217000.0
1121,75,46,2022-05-01,5,880000.0
1122,25,22,2023-05-25,2,286000.0
1123,88,35,2025-01-23,4,1008000.0
1124,86,23,2023-10-24,5,275000.0
1125,39,11,2025-03-25,5,920000.0
1126,24,19,2023-04-16,1,220000.0
1127,61,9,2022-07-19,3,792000.0
1128,93,36,2025-02-14,2,584000.0
1129,88,22,2022-10-14,1,143000.0
1130,29,23,2024-04-05,2,110000.0
1131,96,20,2023-08-03,4,636000.0
1132,43,24,2022-12-18,3,213000.0
1133,75,19,2024-01-03,4,880000.0
1134,16,31,2025-03-14,1,98000.0
1135,82,38,2024-06-02,5,1410000.0
1136,80,5,2025-04-10,4,416000.0
1137,25,33,2023-08-10,1,151000.0
1138,88,25,2025-03-21,5,580000.0
1139,39,27,2022-10-13,1,80000.0
1140,20,9,2024-12-31,2,528000.0
1141,44,27,2023-07-16,5,400000.0
1142,59,10,2023-11-05,3,429000.0
1143,92,12,2024-11-23,1,221000.0
1144,63,22,2023-03-23,2,286000.0
1145,41,41,2023-03-20,1,263000.0
1146,1,29,2022-11-07,3,795000.0
1147,27,49,2024-04-25,2,158000.0
1148,74,49,2022-12-07,2,158000.0
1149,63,49,2024-03-20,1,79000.0
1150,17,40,2024-11-09,4,252000.0
1151,82,28,2023-11-15,4,208000.0
1152,55,31,2024-01-19,4,392000.0
1153,1,3,2025-04-08,5,1145000.0
1154,26,47,2024-08-14,3,267000.0
1155,2,21,2024-04-14,5,1340000.0
1156,25,2,2024-07-27,1,58000.0
1157,81,47,2025-02-08,2,178000.0
1158,29,45,2023-03-19,3,156000.0
1159,40,9,2023-05-03,1,264000.0
1160,50,33,2025-03-05,5,755000.0
1161,40,11,2024-10-25,1,184000.0
1162,6,20,2022-08-19,3,477000.0
1163,59,47,2024-07-08,5,445000.0
1164,77,34,2024-03-07,3,255000.0
1165,56,44,2024-07-12,2,220000.0
1166,44,32,2025-04-11,3,501000.0
1167,97,13,2023-10-28,2,234000.0
1168,52,2,2022-08-13,2,116000.0
1169,29,47,2024-09-06,2,178000.0
1170,28,47,2022-10-05,1,89000.0
1171,76,33,2022-07-18,2,302000.0
1172,16,24,2024-08-11,1,71000.0
1173,49,41,2024-06-07,3,789000.0
1174,99,35,2023-02-22,5,1260000.0
1175,7,39,2024-09-19,1,97000.0
1176,85,7,2024-07-25,1,293000.0
1177,7,45,2022-12-02,1,52000.0
1178,54,29,2022-12-25,4,1060000.0
1179,16,36,2023-09-05,3,876000.0
1180,61,45,2024-06-30,2,104000.0
1181,27,45,2024-02-29,1,52000.0
1182,39,27,2022-10-11,1,80000.0
1183,85,34,2025-03-05,3,255000.0
1184,80,39,2023-02-27,2,194000.0
1185,54,7,2024-10-05,5,1465000.0
1186,93,40,2024-05-12,1,63000.0
1187,37,8,2022-09-02,1,226000.0
1188,64,13,2024-06-14,5,585000.0
1189,26,50,2024-03-06,3,603000.0
1190,67,13,2022-07-09,3,351000.0
1191,91,27,2024-03-18,3,240000.0
1192,21,3,2022-11-04,5,1145000.0
1193,64,14,2024-06-19,4,596000.0
1194,43,16,2024-01-19,1,140000.0
1195,2,43,2024-03-23,1,214000.0
1196,15,37,2024-09-06,4,1064000.0
1197,20,6,2022-07-12,5,1310000.0
1198,10,47,2024-08-29,1,89000.0
1199,33,42,2024-04-01,2,160000.0
1200,59,19,2025-02-22,3,660000.0
1201,60,4,2023-08-05,1,252000.0
1202,23,3,2022-05-17,3,687000.0
1203,47,44,2023-12-20,3,330000.0
1204,55,48,2023-05-14,1,217000.0
1205,13,49,2022-04-18,1,79000.0
1206,2,9,2023-03-18,2,528000.0
1207,43,23,2024-09-28,4,220000.0
1208,80,18,2022-08-05,1,145000.0
1209,48,22,2022-06-23,2,286000.0
1210,15,26,2024-02-01,4,600000.0
1211,59,18,2023-10-01,4,580000.0
1212,89,31,2025-04-06,4,392000.0
1213,84,11,2022-07-22,1,184000.0
1214,17,45,2024-08-01,1,52000.0
1215,21,7,2022-07-16,4,1172000.0
1216,76,31,2022-07-30,5,490000.0
1217,87,29,2024-04-16,2,530000.0
1218,79,25,2022-06-02,3,348000.0
1219,79,2,2023-07-03,2,116000.0
1220,62,32,2024-01-09,1,167000.0
1221,53,29,2023-01-18,1,265000.0
1222,9,17,2022-11-10,3,264000.0
1223,2,46,2025-01-04,5,880000.0
1224,99,48,2025-01-11,5,1085000.0
1225,93,37,2024-01-27,2,532000.0
1226,86,22,2023-11-16,5,715000.0
1227,67,45,2023-11-29,5,260000.0
1228,13,28,2024-03-10,2,104000.0
1229,62,23,2023-11-21,4,220000.0
1230,20,36,2023-11-18,5,1460000.0
1231,7,1,2022-08-16,2,212000.0
1232,65,31,2025-03-09,4,392000.0
1233,22,5,2025-02-05,4,416000.0
1234,42,16,2024-07-29,3,420000.0
1235,36,4,2022-11-06,5,1260000.0
1236,29,36,2025-01-23,4,1168000.0
1237,52,16,2023-10-06,1,140000.0
1238,59,29,2022-10-15,5,1325000.0
1239,58,6,2023-01-16,4,1048000.0
1240,58,21,2024-07-26,1,268000.0
1241,64,48,2023-12-15,1,217000.0
1242,14,26,2024-07-13,4,600000.0
1243,5,36,2022-10-28,5,1460000.0
1244,1,6,2023-03-25,5,1310000.0
1245,80,41,2022-04-19,3,789000.0
1246,66,36,2022-05-19,2,584000.0
1247,84,43,2023-07-21,4,856000.0
1248,44,24,2024-04-02,1,71000.0
1249,29,30,2025-02-23,3,555000.0
1250,72,50,2024-08-06,5,1005000.0
1251,77,31,2024-02-01,3,294000.0
1252,92,29,2024-07-18,1,265000.0
1253,13,49,2023-11-24,2,158000.0
1254,1,22,2023-04-05,3,429000.0
1255,82,19,2023-05-03,5,1100000.0
1256,67,24,2024-03-29,1,71000.0
1257,6,11,2023-10-03,4,736000.0
1258,18,46,2022-12-10,4,704000.0
1259,14,17,2023-06-16,5,440000.0
1260,26,13,2023-01-31,1,117000.0
1261,51,14,2022-10-06,4,596000.0
1262,25,46,2022-06-03,3,528000.0
1263,14,49,2025-02-02,4,316000.0
1264,6,41,2024-01-25,5,1315000.0
1265,16,50,2024-11-24,4,804000.0
1266,59,43,2022-05-08,5,1070000.0
1267,65,9,2023-04-22,4,1056000.0
1268,1,34,2023-02-28,1,85000.0
1269,71,28,2022-07-27,5,260000.0
1270,62,33,2022-09-17,2,302000.0
1271,89,38,2024-10-22,2,564000.0
1272,94,9,2022-06-05,1,264000.0
1273,50,43,2024-03-07,5,1070000.0
1274,78,21,2024-10-28,5,1340000.0
1275,50,27,2025-02-20,5,400000.0
1276,89,49,2025-04-10,2,158000.0
1277,36,26,2022-06-28,3,450000.0
1278,38,29,2023-04-29,2,530000.0
1279,18,27,2022-06-21,5,400000.0
1280,90,48,2023-12-29,5,1085000.0
1281,39,45,2024-02-24,5,260000.0
1282,41,46,2023-04-13,5,880000.0
1283,81,14,2024-07-30,2,298000.0
1284,27,40,2023-03-17,3,189000.0
1285,88,23,2022-07-10,2,110000.0
1286,91,42,2022-11-17,2,160000.0
1287,65,35,2024-06-04,3,756000.0
1288,91,8,2023-07-07,3,678000.0
1289,72,31,2023-04-12,5,490000.0
1290,74,43,2024-09-24,4,856000.0
1291,87,48,2023-08-22,5,1085000.0
1292,37,28,2024-09-27,1,52000.0
1293,67,7,2024-10-28,1,293000.0
1294,49,10,2025-02-21,1,143000.0
1295,86,4,2023-08-25,2,504000.0
1296,35,49,2023-04-17,2,158000.0
1297,37,44,2023-07-26,3,330000.0
1298,19,4,2022-11-22,3,756000.0
1299,27,49,2025-02-02,5,395000.0
1300,5,23,2024-07-01,4,220000.0
1301,14,40,2023-03-23,5,315000.0
1302,29,48,2024-01-16,5,1085000.0
1303,50,16,2023-07-24,5,700000.0
1304,90,19,2023-06-15,1,220000.0
1305,49,25,2022-07-17,4,464000.0
1306,88,21,2024-08-25,5,1340000.0
1307,7,1,2024-10-19,3,318000.0
1308,26,40,2023-01-11,4,252000.0
1309,29,41,2024-12-11,3,789000.0
1310,97,38,2025-03-03,5,1410000.0
1311,95,39,2024-02-06,2,194000.0
1312,100,47,2024-08-24,2,178000.0
1313,38,29,2024-05-22,2,530000.0
1314,88,5,2022-06-25,2,208000.0
1315,23,48,2023-10-01,5,1085000.0
1316,16,25,2025-01-07,1,116000.0
1317,55,18,2025-02-19,5,725000.0
1318,34,9,2023-11-27,2,528000.0
1319,75,17,2024-07-06,1,88000.0
1320,43,30,2023-08-22,2,370000.0
1321,6,10,2025-03-30,3,429000.0
1322,77,4,2024-01-20,5,1260000.0
1323,85,20,2024-01-08,4,636000.0
1324,74,36,2022-12-01,3,876000.0
1325,10,46,2023-07-23,3,528000.0
1326,68,15,2023-11-19,2,472000.0
1327,67,5,2023-01-24,5,520000.0
1328,21,27,2024-07-27,5,400000.0
1329,69,26,2024-04-18,1,150000.0
1330,45,15,2023-04-23,2,472000.0
1331,85,22,2023-03-30,3,429000.0
1332,47,19,2023-07-25,2,440000.0
1333,97,40,2022-11-24,5,315000.0
1334,61,36,2024-04-02,1,292000.0
1335,15,43,2022-07-12,3,642000.0
1336,58,16,2024-09-03,5,700000.0
1337,80,16,2024-01-15,1,140000.0
1338,88,21,2024-01-21,4,1072000.0
1339,15,25,2024-08-26,3,348000.0
1340,70,47,2024-07-15,3,267000.0
1341,4,34,2022-11-08,3,255000.0
1342,66,33,2023-12-08,4,604000.0
1343,63,3,2023-04-26,3,687000.0
1344,84,13,2023-05-15,3,351000.0
1345,66,6,2023-02-23,1,262000.0
1346,22,50,2023-09-09,5,1005000.0
1347,69,1,2025-01-12,1,106000.0
1348,27,43,2022-08-14,2,428000.0
1349,88,28,2024-03-12,1,52000.0
1350,27,35,2023-11-11,4,1008000.0
1351,83,5,2022-09-04,2,208000.0
1352,4,30,2024-07-24,3,555000.0
1353,5,6,2023-02-03,1,262000.0
1354,7,12,2022-07-03,3,663000.0
1355,72,5,2023-06-05,5,520000.0
1356,30,17,2023-11-20,4,352000.0
1357,50,29,2025-02-23,4,1060000.0
1358,56,21,2024-11-08,1,268000.0
1359,50,44,2024-11-05,1,110000.0
1360,69,1,2022-06-14,5,530000.0
1361,9,49,2022-08-05,5,395000.0
1362,6,45,2023-01-31,1,52000.0
1363,46,33,2024-10-12,1,151000.0
1364,38,44,2025-02-20,3,330000.0
1365,78,6,2024-08-29,3,786000.0
1366,98,29,2023-03-17,4,1060000.0
1367,51,43,2024-04-27,1,214000.0
1368,61,11,2023-03-04,5,920000.0
1369,29,9,2023-09-13,4,1056000.0
1370,70,19,2023-07-28,2,440000.0
1371,39,44,2022-05-07,3,330000.0
1372,2,36,2023-03-09,5,1460000.0
1373,19,8,2023-02-03,1,226000.0
1374,1,37,2022-10-13,5,1330000.0
1375,51,35,2024-04-26,5,1260000.0
1376,11,20,2023-04-25,2,318000.0
1377,96,48,2025-03-29,3,651000.0
1378,28,27,2024-11-07,5,400000.0
1379,19,11,2025-04-11,2,368000.0
1380,29,40,2023-02-25,3,189000.0
1381,25,8,2023-12-21,2,452000.0
1382,86,37,2023-04-20,1,266000.0
1383,97,36,2024-08-18,4,1168000.0
1384,83,36,2023-08-26,1,292000.0
1385,38,43,2023-06-27,1,214000.0
1386,33,7,2023-11-26,2,586000.0
1387,93,38,2024-04-07,4,1128000.0
1388,43,23,2024-07-20,2,110000.0
1389,86,42,2025-01-15,2,160000.0
1390,13,19,2023-10-24,5,1100000.0
1391,9,13,2023-08-06,3,351000.0
1392,63,29,2023-05-25,3,795000.0
1393,79,43,2023-10-24,3,642000.0
1394,89,38,2024-06-18,2,564000.0
1395,73,37,2024-05-25,3,798000.0
1396,41,28,2024-04-06,2,104000.0
1397,1,21,2022-09-14,2,536000.0
1398,29,46,2024-04-12,4,704000.0
1399,36,24,2023-08-24,2,142000.0
1400,87,47,2023-02-23,3,267000.0
1401,62,30,2023-11-10,4,740000.0
1402,46,50,2023-08-13,3,603000.0
1403,63,36,2024-01-17,1,292000.0
1404,23,42,2022-06-24,5,400000.0
1405,11,18,2024-09-03,2,290000.0
1406,69,13,2023-03-23,3,351000.0
1407,94,41,2022-11-26,1,263000.0
1408,94,5,2022-05-09,1,104000.0
1409,65,41,2023-05-24,1,263000.0
1410,75,38,2024-08-20,4,1128000.0
1411,99,38,2024-10-07,2,564000.0
1412,5,36,2024-09-29,3,876000.0
1413,70,35,2024-01-22,4,1008000.0
1414,84,50,2023-07-16,2,402000.0
1415,47,26,2022-12-06,2,300000.0
1416,99,38,2023-02-12,3,846000.0
1417,18,30,2023-09-08,5,925000.0
1418,66,6,2023-04-06,4,1048000.0
1419,47,33,2023-11-25,1,151000.0
1420,85,16,2024-09-15,5,700000.0
1421,88,11,2023-04-30,5,920000.0
1422,18,29,2024-05-28,2,530000.0
1423,23,37,2024-08-16,5,1330000.0
1424,85,10,2025-01-24,4,572000.0
1425,46,3,2025-03-12,2,458000.0
1426,98,32,2023-09-20,2,334000.0
1427,9,17,2023-05-18,3,264000.0
1428,30,3,2024-05-12,2,458000.0
1429,67,24,2025-01-04,4,284000.0
1430,61,30,2024-05-15,1,185000.0
1431,6,42,2024-03-29,3,240000.0
1432,14,46,2022-12-31,5,880000.0
1433,82,18,2023-10-13,3,435000.0
1434,75,35,2023-01-01,5,1260000.0
1435,23,25,2022-11-17,4,464000.0
1436,47,38,2024-08-10,1,282000.0
1437,67,17,2024-05-11,4,352000.0
1438,29,34,2023-01-24,4,340000.0
1439,46,23,2024-08-03,4,220000.0
1440,62,39,2025-01-05,1,97000.0
1441,65,9,2022-07-14,4,1056000.0
1442,22,15,2024-07-05,1,236000.0
1443,66,42,2022-06-05,3,240000.0
1444,28,10,2022-08-07,2,286000.0
1445,21,24,2025-02-15,5,355000.0
1446,92,8,2022-06-28,2,452000.0
1447,54,22,2022-04-23,1,143000.0
1448,62,44,2024-01-14,4,440000.0
1449,62,14,2022-11-13,5,745000.0
1450,21,42,2024-12-18,4,320000.0
1451,3,16,2023-04-08,1,140000.0
1452,17,37,2022-07-28,5,1330000.0
1453,21,9,2022-12-04,5,1320000.0
1454,6,37,2022-04-28,2,532000.0
1455,8,11,2023-03-19,3,552000.0
1456,24,34,2024-06-07,4,340000.0
1457,77,37,2024-03-22,1,266000.0
1458,93,47,2023-11-14,3,267000.0
1459,11,14,2022-07-16,4,596000.0
1460,78,31,2024-11-28,4,392000.0
1461,22,15,2024-12-29,4,944000.0
1462,77,10,2025-02-12,5,715000.0
1463,99,12,2024-11-26,5,1105000.0
1464,85,33,2024-05-03,3,453000.0
1465,22,47,2025-02-01,3,267000.0
1466,59,39,2024-05-10,5,485000.0
1467,9,15,2022-05-08,4,944000.0
1468,50,9,2022-04-24,1,264000.0
1469,3,13,2024-07-18,5,585000.0
1470,65,44,2024-08-17,4,440000.0
1471,20,39,2024-01-12,1,97000.0
1472,23,31,2022-05-02,5,490000.0
1473,77,3,2022-05-09,5,1145000.0
1474,65,49,2024-07-14,1,79000.0
1475,12,31,2023-06-14,2,196000.0
1476,78,35,2024-07-24,1,252000.0
1477,100,44,2023-07-03,4,440000.0
1478,67,27,2022-05-10,3,240000.0
1479,6,45,2024-06-02,5,260000.0
1480,55,15,2025-04-02,4,944000.0
1481,99,25,2025-02-24,3,348000.0
1482,76,48,2024-02-11,5,1085000.0
1483,13,28,2023-01-17,2,104000.0
1484,33,31,2022-09-27,2,196000.0
1485,11,19,2022-09-10,5,1100000.0
1486,70,27,2024-07-06,3,240000.0
1487,25,1,2022-12-01,1,106000.0
1488,74,34,2023-04-23,1,85000.0
1489,67,1,2023-02-06,4,424000.0
1490,84,14,2024-12-01,3,447000.0
1491,53,24,2024-07-09,1,71000.0
1492,20,28,2023-05-11,5,260000.0
1493,33,17,2023-10-16,5,440000.0
1494,55,37,2023-06-03,3,798000.0
1495,79,18,2023-12-21,4,580000.0
1496,97,14,2022-08-14,4,596000.0
1497,71,36,2023-11-14,4,1168000.0
1498,23,24,2024-01-04,5,355000.0
1499,72,31,2024-03-27,3,294000.0
1500,40,37,2024-09-07,3,798000.0
1501,100,46,2023-04-26,4,704000.0
1502,95,9,2025-04-01,1,264000.0
1503,96,15,2023-03-30,4,944000.0
1504,90,11,2023-07-23,1,184000.0
1505,28,33,2025-03-11,4,604000.0
1506,44,36,2022-08-17,5,1460000.0
1507,90,44,2025-01-23,1,110000.0
1508,21,25,2025-01-17,1,116000.0
1509,12,10,2022-06-02,4,572000.0
1510,77,28,2022-09-06,1,52000.0
1511,9,17,2024-01-03,2,176000.0
1512,48,6,2023-11-24,5,1310000.0
1513,5,47,2023-11-20,4,356000.0
1514,52,40,2024-08-19,5,315000.0
1515,37,46,2024-04-22,5,880000.0
1516,8,50,2022-07-10,2,402000.0
1517,82,32,2024-12-28,4,668000.0
1518,2,13,2022-04-28,5,585000.0
1519,37,13,2025-04-09,1,117000.0
1520,77,33,2023-01-05,5,755000.0
1521,90,15,2022-08-20,5,1180000.0
1522,22,44,2024-05-29,1,110000.0
1523,47,16,2024-02-17,1,140000.0
1524,21,6,2025-01-09,3,786000.0
1525,100,26,2023-09-10,3,450000.0
1526,86,26,2024-09-09,4,600000.0
1527,76,13,2022-09-09,5,585000.0
1528,2,48,2024-07-12,1,217000.0
1529,12,36,2022-06-19,3,876000.0
1530,93,36,2023-04-05,5,1460000.0
1531,45,23,2023-03-08,3,165000.0
1532,29,39,2025-03-24,2,194000.0
1533,59,26,2024-09-10,5,750000.0
1534,1,17,2024-04-21,2,176000.0
1535,53,33,2023-06-09,1,151000.0
1536,72,5,2022-06-25,5,520000.0
1537,38,22,2022-08-07,1,143000.0
1538,66,17,2025-03-12,5,440000.0
1539,74,17,2023-06-23,4,352000.0
1540,49,37,2024-08-04,4,1064000.0
1541,99,16,2024-09-05,3,420000.0
1542,100,30,2025-01-30,4,740000.0
1543,76,2,2022-06-04,4,232000.0
1544,15,17,2023-01-17,1,88000.0
1545,49,41,2023-08-15,2,526000.0
1546,87,45,2022-05-08,2,104000.0
1547,41,27,2023-03-01,3,240000.0
1548,67,35,2024-10-11,1,252000.0
1549,90,17,2022-11-23,2,176000.0
1550,37,6,2023-12-23,4,1048000.0
1551,87,48,2022-08-11,3,651000.0
1552,10,36,2023-07-22,2,584000.0
1553,61,21,2022-12-22,3,804000.0
1554,28,37,2024-09-06,3,798000.0
1555,24,48,2023-04-22,2,434000.0
1556,64,48,2024-09-10,2,434000.0
1557,31,48,2023-12-09,2,434000.0
1558,34,14,2025-02-28,2,298000.0
1559,26,16,2024-07-31,5,700000.0
1560,46,10,2023-09-11,1,143000.0
1561,16,6,2023-12-01,4,1048000.0
1562,79,1,2022-11-17,5,530000.0
1563,6,31,2025-03-19,3,294000.0
1564,80,21,2022-08-13,4,1072000.0
1565,74,18,2024-05-30,4,580000.0
1566,24,49,2023-10-03,5,395000.0
1567,36,26,2022-07-06,2,300000.0
1568,97,37,2022-09-12,2,532000.0
1569,7,34,2024-02-21,4,340000.0
1570,62,35,2023-04-09,1,252000.0
1571,65,23,2022-08-10,4,220000.0
1572,88,50,2023-09-25,2,402000.0
1573,59,8,2024-11-09,5,1130000.0
1574,59,21,2024-11-22,1,268000.0
1575,2,44,2024-10-25,2,220000.0
1576,49,38,2023-12-21,1,282000.0
1577,42,24,2023-09-03,5,355000.0
1578,34,12,2022-05-30,5,1105000.0
1579,34,16,2024-12-24,3,420000.0
1580,61,40,2023-06-12,3,189000.0
1581,47,12,2024-03-13,4,884000.0
1582,55,14,2024-05-15,4,596000.0
1583,90,49,2023-04-03,3,237000.0
1584,47,26,2023-10-18,3,450000.0
1585,58,12,2024-08-20,5,1105000.0
1586,17,37,2023-11-18,2,532000.0
1587,13,47,2024-02-13,3,267000.0
1588,31,36,2023-01-27,4,1168000.0
1589,49,13,2025-03-04,2,234000.0
1590,95,10,2024-10-10,4,572000.0
1591,2,12,2025-02-03,4,884000.0
1592,64,9,2023-11-25,5,1320000.0
1593,69,47,2022-08-25,3,267000.0
1594,63,20,2024-11-29,3,477000.0
1595,72,37,2023-07-16,1,266000.0
1596,51,7,2023-05-01,2,586000.0
1597,8,14,2022-08-06,3,447000.0
1598,61,41,2022-08-19,1,263000.0
1599,58,48,2023-06-04,3,651000.0
1600,34,24,2022-12-09,3,213000.0
1601,72,36,2023-11-25,3,876000.0
1602,45,2,2024-12-23,4,232000.0
1603,16,23,2022-12-09,5,275000.0
1604,26,37,2023-12-10,5,1330000.0
1605,84,42,2023-08-18,5,400000.0
1606,23,50,2023-10-26,3,603000.0
1607,46,21,2022-09-26,5,1340000.0
1608,63,50,2022-09-03,4,804000.0
1609,11,25,2022-04-22,5,580000.0
1610,37,30,2023-08-05,2,370000.0
1611,22,41,2024-03-04,3,789000.0
1612,54,41,2023-10-25,5,1315000.0
1613,74,26,2023-06-07,1,150000.0
1614,11,11,2022-09-19,3,552000.0
1615,30,21,2022-11-05,3,804000.0
1616,84,19,2022-08-27,3,660000.0
1617,78,42,2023-01-30,4,320000.0
1618,35,29,2024-02-12,3,795000.0
1619,96,38,2024-03-11,5,1410000.0
1620,58,27,2024-08-26,2,160000.0
1621,24,2,2024-08-22,2,116000.0
1622,94,16,2024-06-18,3,420000.0
1623,96,45,2024-01-07,1,52000.0
1624,27,11,2022-09-21,4,736000.0
1625,14,7,2022-05-24,1,293000.0
1626,61,36,2022-08-31,1,292000.0
1627,4,50,2023-10-15,4,804000.0
1628,68,49,2024-08-21,1,79000.0
1629,14,17,2022-09-05,5,440000.0
1630,20,6,2024-10-27,4,1048000.0
1631,40,15,2024-10-29,2,472000.0
1632,95,19,2023-08-30,4,880000.0
1633,81,9,2023-12-03,2,528000.0
1634,68,11,2022-05-03,1,184000.0
1635,5,43,2023-07-11,3,642000.0
1636,42,31,2024-01-16,4,392000.0
1637,70,18,2023-12-07,5,725000.0
1638,57,9,2022-08-23,5,1320000.0
1639,23,38,2024-08-30,5,1410000.0
1640,59,41,2023-04-26,5,1315000.0
1641,56,34,2024-09-18,5,425000.0
1642,40,23,2024-07-01,4,220000.0
1643,70,15,2023-01-02,1,236000.0
1644,57,20,2025-03-13,3,477000.0
1645,53,17,2023-11-26,2,176000.0
1646,39,1,2023-01-02,1,106000.0
1647,67,49,2022-11-15,2,158000.0
1648,45,19,2023-06-05,4,880000.0
1649,69,1,2023-07-25,4,424000.0
1650,97,31,2023-06-04,3,294000.0
1651,2,50,2024-05-19,4,804000.0
1652,38,39,2022-11-26,2,194000.0
1653,1,36,2022-07-21,3,876000.0
1654,25,27,2022-12-29,5,400000.0
1655,56,26,2024-02-18,2,300000.0
1656,21,46,2023-06-16,4,704000.0
1657,49,15,2024-01-28,3,708000.0
1658,11,28,2023-07-23,2,104000.0
1659,67,49,2024-05-05,5,395000.0
1660,89,44,2022-08-11,3,330000.0
1661,37,42,2023-10-26,5,400000.0
1662,35,27,2023-05-10,2,160000.0
1663,9,12,2023-05-02,2,442000.0
1664,38,8,2024-12-09,4,904000.0
1665,80,29,2024-05-23,3,795000.0
1666,90,40,2024-10-22,4,252000.0
1667,25,21,2024-11-26,1,268000.0
1668,20,4,2023-02-11,5,1260000.0
1669,3,12,2024-03-25,1,221000.0
1670,37,18,2022-09-27,2,290000.0
1671,92,29,2022-11-10,1,265000.0
1672,30,6,2023-07-31,2,524000.0
1673,2,32,2022-04-24,2,334000.0
1674,44,27,2023-12-19,3,240000.0
1675,64,24,2023-09-12,4,284000.0
1676,90,3,2024-12-02,3,687000.0
1677,11,49,2023-11-25,2,158000.0
1678,8,18,2023-09-07,4,580000.0
1679,10,35,2024-02-26,4,1008000.0
1680,24,13,2023-09-15,3,351000.0
1681,49,1,2024-02-11,1,106000.0
1682,99,46,2025-01-19,2,352000.0
1683,50,50,2024-10-23,4,804000.0
1684,32,48,2022-11-11,1,217000.0
1685,26,30,2023-07-24,1,185000.0
1686,67,43,2023-08-25,2,428000.0
1687,61,25,2024-11-06,3,348000.0
1688,42,11,2025-03-29,1,184000.0
1689,96,36,2023-02-20,5,1460000.0
1690,16,17,2024-04-27,4,352000.0
1691,82,20,2023-08-15,2,318000.0
1692,47,4,2023-01-14,2,504000.0
1693,15,16,2023-12-23,4,560000.0
1694,42,1,2023-08-22,2,212000.0
1695,36,38,2023-07-10,1,282000.0
1696,51,16,2025-03-28,1,140000.0
1697,6,38,2024-12-22,4,1128000.0
1698,89,39,2024-05-15,2,194000.0
1699,48,50,2024-09-24,1,201000.0
1700,32,11,2023-04-25,4,736000.0
1701,12,44,2023-09-02,5,550000.0
1702,44,49,2023-11-19,1,79000.0
1703,8,23,2023-06-23,2,110000.0
1704,90,35,2023-12-15,1,252000.0
1705,17,32,2023-11-02,2,334000.0
1706,41,36,2022-10-07,3,876000.0
1707,57,47,2024-09-05,2,178000.0
1708,3,45,2023-02-18,4,208000.0
1709,46,47,2024-10-19,2,178000.0
1710,33,3,2024-08-08,4,916000.0
1711,91,29,2023-01-18,5,1325000.0
1712,38,35,2025-03-08,4,1008000.0
1713,25,37,2024-08-15,2,532000.0
1714,70,23,2022-05-25,3,165000.0
1715,94,30,2024-03-31,3,555000.0
1716,77,36,2023-03-05,2,584000.0
1717,9,34,2024-02-24,2,170000.0
1718,58,19,2023-07-10,3,660000.0
1719,70,24,2025-03-25,4,284000.0
1720,1,50,2022-07-30,5,1005000.0
1721,49,47,2024-01-09,2,178000.0
1722,3,40,2025-02-22,3,189000.0
1723,100,40,2024-05-28,2,126000.0
1724,42,47,2022-11-16,1,89000.0
1725,85,35,2024-12-22,4,1008000.0
1726,25,34,2023-07-28,4,340000.0
1727,99,36,2023-04-24,2,584000.0
1728,79,19,2023-05-11,3,660000.0
1729,53,42,2025-01-31,3,240000.0
1730,15,7,2022-12-09,5,1465000.0
1731,85,5,2024-01-31,1,104000.0
1732,17,12,2023-11-20,1,221000.0
1733,26,7,2022-08-06,4,1172000.0
1734,25,7,2024-03-11,1,293000.0
1735,74,42,2024-10-28,4,320000.0
1736,85,32,2024-04-27,5,835000.0
1737,80,45,2024-10-04,5,260000.0
1738,33,4,2023-12-27,3,756000.0
1739,29,39,2024-07-22,1,97000.0
1740,2,14,2024-06-08,4,596000.0
1741,11,30,2025-03-23,1,185000.0
1742,47,36,2024-01-23,4,1168000.0
1743,48,46,2024-08-05,1,176000.0
1744,79,18,2022-06-10,5,725000.0
1745,6,47,2023-10-24,1,89000.0
1746,39,5,2025-04-07,2,208000.0
1747,67,7,2024-07-26,1,293000.0
1748,93,15,2024-10-22,5,1180000.0
1749,50,13,2024-12-30,2,234000.0
1750,68,43,2022-08-24,2,428000.0
1751,73,41,2022-09-30,2,526000.0
1752,72,48,2023-05-04,5,1085000.0
1753,54,48,2025-01-29,1,217000.0
1754,99,41,2025-02-09,5,1315000.0
1755,46,44,2023-10-17,4,440000.0
1756,90,43,2022-12-28,4,856000.0
1757,14,11,2025-01-13,2,368000.0
1758,71,26,2024-11-20,5,750000.0
1759,44,43,2022-06-21,2,428000.0
1760,69,39,2024-09-04,4,388000.0
1761,46,21,2025-01-10,5,1340000.0
1762,42,24,2025-03-01,4,284000.0
1763,98,41,2025-01-12,4,1052000.0
1764,93,21,2023-12-25,5,1340000.0
1765,31,37,2023-09-11,5,1330000.0
1766,28,25,2024-02-11,5,580000.0
1767,96,17,2022-09-25,3,264000.0
1768,58,29,2022-04-30,4,1060000.0
1769,1,47,2022-09-14,1,89000.0
1770,37,39,2023-05-20,1,97000.0
1771,67,9,2023-03-24,3,792000.0
1772,1,20,2024-06-15,2,318000.0
1773,28,21,2024-06-27,1,268000.0
1774,99,45,2024-08-27,3,156000.0
1775,71,33,2024-10-01,5,755000.0
1776,74,37,2025-03-17,2,532000.0
1777,13,3,2024-09-23,4,916000.0
1778,46,10,2023-03-23,2,286000.0
1779,34,24,2024-03-06,5,355000.0
1780,32,15,2023-11-16,3,708000.0
1781,39,6,2023-12-12,5,1310000.0
1782,52,37,2024-04-02,2,532000.0
1783,94,5,2025-03-04,3,312000.0
1784,62,12,2024-10-14,4,884000.0
1785,89,45,2025-03-21,5,260000.0
1786,13,39,2024-05-30,3,291000.0
1787,5,47,2022-12-04,5,445000.0
1788,49,6,2023-10-01,1,262000.0
1789,99,22,2022-05-22,3,429000.0
1790,56,27,2024-05-02,1,80000.0
1791,99,15,2022-09-23,5,1180000.0
1792,2,41,2023-07-16,4,1052000.0
1793,7,20,2024-01-20,5,795000.0
1794,6,21,2022-08-25,5,1340000.0
1795,73,10,2022-10-11,3,429000.0
1796,65,45,2022-11-20,2,104000.0
1797,20,4,2023-10-07,4,1008000.0
1798,58,49,2023-08-11,5,395000.0
1799,74,33,2023-09-28,1,151000.0
1800,29,28,2024-03-21,3,156000.0
1801,51,10,2023-03-01,2,286000.0
1802,44,6,2024-07-01,4,1048000.0
1803,74,48,2024-05-03,1,217000.0
1804,71,26,2023-10-07,3,450000.0
1805,11,26,2024-04-22,5,750000.0
1806,56,50,2022-09-12,2,402000.0
1807,98,9,2024-02-23,4,1056000.0
1808,72,13,2025-03-31,4,468000.0
1809,51,42,2024-03-16,5,400000.0
1810,26,36,2023-08-22,5,1460000.0
1811,95,34,2022-07-27,2,170000.0
1812,32,5,2023-07-24,3,312000.0
1813,100,28,2022-06-22,3,156000.0
1814,88,37,2022-10-09,1,266000.0
1815,15,43,2022-05-19,4,856000.0
1816,55,24,2023-09-28,3,213000.0
1817,25,21,2025-01-14,3,804000.0
1818,77,42,2022-09-30,1,80000.0
1819,99,20,2025-02-28,2,318000.0
1820,45,40,2022-12-25,4,252000.0
1821,80,10,2023-04-27,4,572000.0
1822,6,15,2024-06-23,2,472000.0
1823,88,24,2023-01-10,2,142000.0
1824,97,47,2024-08-18,1,89000.0
1825,15,48,2022-12-18,1,217000.0
1826,32,40,2023-09-10,2,126000.0
1827,37,1,2024-08-30,3,318000.0
1828,89,8,2024-02-05,3,678000.0
1829,58,31,2024-03-31,1,98000.0
1830,43,14,2023-04-09,5,745000.0
1831,28,14,2024-01-03,5,745000.0
1832,67,49,2024-12-17,3,237000.0
1833,71,31,2023-01-25,5,490000.0
1834,94,10,2023-01-28,1,143000.0
1835,49,38,2025-01-02,5,1410000.0
1836,6,17,2025-01-29,2,176000.0
1837,8,19,2024-02-14,2,440000.0
1838,90,40,2023-12-19,3,189000.0
1839,7,30,2022-05-29,1,185000.0
1840,9,25,2024-11-22,3,348000.0
1841,85,43,2023-02-14,3,642000.0
1842,14,2,2024-03-12,3,174000.0
1843,84,25,2024-10-19,2,232000.0
1844,49,33,2024-02-10,1,151000.0
1845,41,32,2023-12-09,5,835000.0
1846,69,6,2022-04-20,2,524000.0
1847,26,33,2025-04-12,4,604000.0
1848,72,46,2023-03-13,1,176000.0
1849,6,16,2023-02-27,5,700000.0
1850,40,22,2023-06-20,4,572000.0
1851,51,48,2025-04-11,2,434000.0
1852,3,23,2022-07-20,3,165000.0
1853,46,41,2024-09-26,3,789000.0
1854,31,33,2022-09-19,3,453000.0
1855,8,41,2024-07-26,3,789000.0
1856,50,2,2023-01-29,5,290000.0
1857,36,15,2023-11-03,2,472000.0
1858,44,26,2023-09-02,2,300000.0
1859,12,47,2023-02-14,4,356000.0
1860,67,44,2024-03-24,5,550000.0
1861,81,44,2022-10-08,2,220000.0
1862,54,16,2023-05-26,5,700000.0
1863,20,28,2025-02-18,3,156000.0
1864,78,22,2024-05-13,4,572000.0
1865,70,9,2024-07-11,2,528000.0
1866,84,9,2024-12-31,5,1320000.0
1867,70,44,2023-08-13,2,220000.0
1868,18,20,2024-10-27,5,795000.0
1869,18,28,2023-12-08,2,104000.0
1870,84,37,2024-11-18,2,532000.0
1871,41,5,2023-12-14,5,520000.0
1872,69,47,2024-10-11,1,89000.0
1873,24,21,2022-10-08,2,536000.0
1874,94,2,2023-10-06,3,174000.0
1875,53,27,2023-10-12,3,240000.0
1876,57,48,2024-03-25,3,651000.0
1877,20,50,2024-11-28,2,402000.0
1878,14,9,2023-01-07,2,528000.0
1879,4,49,2025-02-23,5,395000.0
1880,79,18,2023-07-20,5,725000.0
1881,73,40,2024-11-23,2,126000.0
1882,77,15,2024-10-16,2,472000.0
1883,88,2,2022-08-23,3,174000.0
1884,11,45,2025-02-21,4,208000.0
1885,18,33,2022-11-08,5,755000.0
1886,61,46,2023-08-13,3,528000.0
1887,24,25,2022-10-14,4,464000.0
1888,61,9,2023-04-19,2,528000.0
1889,25,15,2023-08-01,1,236000.0
1890,53,49,2022-10-12,1,79000.0
1891,35,27,2023-01-23,2,160000.0
1892,96,43,2023-11-14,2,428000.0
1893,97,14,2025-03-26,1,149000.0
1894,23,29,2022-11-19,5,1325000.0
1895,63,45,2024-06-15,3,156000.0
1896,59,16,2023-12-08,4,560000.0
1897,52,50,2024-01-23,1,201000.0
1898,78,48,2024-10-26,4,868000.0
1899,93,21,2022-11-14,4,1072000.0
1900,79,48,2024-09-22,5,1085000.0
1901,77,35,2023-12-01,5,1260000.0
1902,83,46,2024-01-31,1,176000.0
1903,67,7,2023-01-27,4,1172000.0
1904,59,3,2024-05-09,2,458000.0
1905,67,35,2024-12-26,4,1008000.0
1906,95,3,2024-07-26,5,1145000.0
1907,50,34,2025-03-26,1,85000.0
1908,25,19,2025-01-10,4,880000.0
1909,51,20,2023-01-08,3,477000.0
1910,60,11,2024-08-23,4,736000.0
1911,38,40,2022-12-29,1,63000.0
1912,89,34,2024-05-13,2,170000.0
1913,60,42,2023-07-06,4,320000.0
1914,12,47,2022-11-17,5,445000.0
1915,15,12,2023-01-29,5,1105000.0
1916,90,35,2023-08-15,2,504000.0
1917,51,27,2024-03-14,3,240000.0
1918,58,2,2024-12-01,2,116000.0
1919,59,38,2022-07-06,2,564000.0
1920,59,6,2023-10-23,3,786000.0
1921,42,45,2022-04-28,2,104000.0
1922,92,47,2024-05-05,1,89000.0
1923,12,8,2022-11-12,4,904000.0
1924,82,24,2023-02-11,1,71000.0
1925,68,46,2023-12-01,4,704000.0
1926,94,33,2024-09-02,5,755000.0
1927,21,25,2024-06-07,5,580000.0
1928,49,3,2025-01-22,2,458000.0
1929,43,37,2024-05-21,2,532000.0
1930,21,10,2024-01-09,2,286000.0
1931,99,46,2025-03-12,1,176000.0
1932,54,20,2024-05-16,3,477000.0
1933,94,50,2024-01-19,4,804000.0
1934,37,41,2024-03-03,2,526000.0
1935,16,9,2024-05-12,2,528000.0
1936,1,40,2022-12-29,3,189000.0
1937,2,30,2022-08-20,4,740000.0
1938,64,35,2024-09-08,1,252000.0
1939,78,32,2022-05-31,2,334000.0
1940,28,38,2023-03-22,4,1128000.0
1941,59,27,2023-07-11,4,320000.0
1942,11,39,2022-06-03,5,485000.0
1943,1,16,2023-06-14,5,700000.0
1944,36,40,2023-03-29,5,315000.0
1945,27,4,2024-07-27,2,504000.0
1946,19,4,2023-07-06,3,756000.0
1947,5,10,2022-12-31,1,143000.0
1948,86,37,2024-03-24,5,1330000.0
1949,39,22,2024-09-08,1,143000.0
1950,7,7,2024-05-22,4,1172000.0
1951,23,11,2024-08-14,3,552000.0
1952,79,43,2024-06-15,5,1070000.0
1953,74,36,2022-10-06,2,584000.0
1954,59,48,2024-09-19,5,1085000.0
1955,47,3,2022-10-08,1,229000.0
1956,99,20,2023-06-04,3,477000.0
1957,48,25,2024-08-04,1,116000.0
1958,98,28,2023-11-04,5,260000.0
1959,9,19,2024-08-03,4,880000.0
1960,18,8,2022-06-17,3,678000.0
1961,43,34,2024-02-28,4,340000.0
1962,68,14,2024-08-09,2,298000.0
1963,79,4,2023-03-19,1,252000.0
1964,74,47,2024-02-03,5,445000.0
1965,12,31,2022-09-20,5,490000.0
1966,91,19,2025-01-23,4,880000.0
1967,78,21,2023-05-03,3,804000.0
1968,68,37,2023-07-20,5,1330000.0
1969,46,9,2022-06-03,5,1320000.0
1970,73,32,2024-03-12,5,835000.0
1971,94,41,2023-05-27,4,1052000.0
1972,64,12,2023-10-07,5,1105000.0
1973,30,46,2022-08-27,3,528000.0
1974,25,1,2024-02-25,1,106000.0
1975,4,30,2022-10-13,1,185000.0
1976,95,14,2023-04-17,5,745000.0
1977,54,27,2023-03-06,1,80000.0
1978,43,23,2024-10-13,5,275000.0
1979,82,14,2025-03-19,1,149000.0
1980,82,13,2023-10-10,3,351000.0
1981,33,5,2024-11-17,3,312000.0
1982,39,33,2024-12-21,5,755000.0
1983,42,50,2024-02-08,1,201000.0
1984,15,44,2022-12-27,3,330000.0
1985,44,26,2024-11-26,5,750000.0
1986,79,2,2022-11-16,2,116000.0
1987,25,22,2023-02-28,3,429000.0
1988,87,31,2023-03-01,4,392000.0
1989,5,42,2022-07-15,2,160000.0
1990,62,10,2024-09-15,4,572000.0
1991,69,22,2023-10-10,4,572000.0
1992,53,48,2024-07-18,1,217000.0
1993,67,20,2023-06-24,5,795000.0
1994,93,44,2024-10-27,3,330000.0
1995,72,35,2024-07-28,1,252000.0
1996,27,37,2022-12-31,3,798000.0
1997,46,5,2023-08-29,2,208000.0
1998,36,2,2025-04-11,3,174000.0
1999,49,41,2023-07-12,5,1315000.0
2000,22,37,2023-07-07,5,1330000.0
